"P.O. Box 460, 4953 Nunc Rd."
301-8713 Dapibus Rd.
405-2674 Arcu. Av.
590-3023 Feugiat. Road
"P.O. Box 229, 6394 In Avenue"
831-8533 Curabitur Ave
4869 Consequat Road
"P.O. Box 215, 9562 Condimentum Av."
Ap #983-1276 Eget St.
"P.O. Box 960, 582 Dictum Avenue"
"Ap #630-5136 Vitae, Street"
648 Curabitur Rd.
Ap #404-3310 Aliquam Rd.
Ap #864-2590 Magna. Rd.
Ap #516-7914 Inceptos Street
Ap #627-8605 Sapien Road
"890-9774 Id, Road"
8721 Tellus Ave
Ap #512-974 Auctor St.
Ap #123-8085 Nulla. St.
446-2714 Nunc Street
647-7345 Vitae St.
983-2892 Enim. Av.
Ap #150-2808 Conubia Avenue
Ap #170-7962 Mauris Rd.
841-3125 Metus. Rd.
"Ap #463-548 Aliquet, Av."
"456-2549 Non, Av."
Ap #858-2664 Elit. Road
298-9411 Tempor St.
"P.O. Box 185, 2890 Vitae Avenue"
Ap #584-1162 In Rd.
1075 Dolor Ave
1328 Quisque Ave
763-4351 Ac Rd.
8217 Quis St.
"825-5361 Tempus, Road"
"7461 Ut, St."
757-7259 Quisque Av.
"P.O. Box 124, 5338 Donec Ave"
"443-9417 Sed, Ave"
237-5651 Magna. Rd.
"P.O. Box 314, 3013 Dui. Rd."
144-1863 Vestibulum. St.
"P.O. Box 685, 8348 Sem Av."
Ap #246-9384 Feugiat. Road
Ap #934-7525 Tincidunt Avenue
"P.O. Box 214, 4629 Enim. Street"
8411 Nec Ave
8558 Diam Road
597-1876 Fermentum St.
"Ap #526-7348 Lacus, St."
5260 Tellus Rd.
723-4459 Purus Rd.
"P.O. Box 125, 830 Vitae, Rd."
577-1850 Phasellus St.
"P.O. Box 863, 7040 Suspendisse Rd."
7157 Eros. St.
"P.O. Box 778, 5866 Commodo Rd."
Ap #883-2258 Aliquam Ave
"P.O. Box 544, 6653 Vel Av."
Ap #957-7488 Ipsum. Road
388 Non Rd.
Ap #251-7933 Quam Street
243-416 Dapibus Rd.
Ap #490-4085 Viverra. Rd.
Ap #814-9786 A Street
3955 At Rd.
"P.O. Box 372, 4465 In, Rd."
829-7136 Sollicitudin Street
Ap #946-2118 Etiam Av.
6263 Mauris Avenue
Ap #666-6656 Luctus Rd.
Ap #924-9884 Phasellus Ave
"P.O. Box 311, 9681 Nisi St."
Ap #524-5064 Arcu. Av.
"P.O. Box 745, 3422 Metus. St."
"P.O. Box 468, 3278 Ante Rd."
2614 Eget Ave
Ap #100-3214 Proin Rd.
873-1610 Lorem Street
"Ap #867-7473 Et, St."
Ap #759-3607 Ipsum. St.
9457 Luctus St.
"P.O. Box 347, 7175 Tristique Rd."
"P.O. Box 581, 9255 Magna, Avenue"
955-2646 Egestas St.
163-9227 Ridiculus Avenue
625-1231 Vitae St.
Ap #438-8905 Tristique Road
5802 In St.
"P.O. Box 459, 6056 Elit, Road"
4581 Duis Rd.
Ap #953-554 Donec St.
Ap #164-3780 Diam. Rd.
607 Nam St.
"P.O. Box 621, 3411 Eu Av."
339-8871 Interdum Rd.
"P.O. Box 178, 7022 Felis. Av."
592-8861 Quisque Street